<?xml version="1.0" encoding="utf-8" ?>
<dwsync>
<file name="1.php" server="C:/wamp64/www/project/" local="132107341530000000" remote="132107341530000000" Dst="0" />
<file name="home.php" server="C:/wamp64/www/project/" local="132107363840000000" remote="132107363840000000" Dst="0" />
<file name="index.php" server="C:/wamp64/www/project/" local="132107362880000000" remote="132107362880000000" Dst="0" />
<file name="products.php" server="C:/wamp64/www/project/" local="132107457670000000" remote="132107457670000000" Dst="0" />
<file name="home.php" server="files.000webhost.com/public_html/" local="132114260217840228" remote="132148086000000000" Dst="0" />
<file name="1.php" server="files.000webhost.com/public_html/" local="132114260199942640" remote="132148086000000000" Dst="0" />
<file name="index.php" server="files.000webhost.com/public_html/" local="132114260191788193" remote="132148086000000000" Dst="0" />
<file name="drysweetpotato.png" server="files.000webhost.com/public_html/" local="132113620115582021" remote="132148086000000000" Dst="0" />
<file name="mandusteam.png" server="files.000webhost.com/public_html/" local="132113620114183298" remote="132148086000000000" Dst="0" />
<file name="kimchi.png" server="files.000webhost.com/public_html/" local="132113620114872746" remote="132148086000000000" Dst="0" />
<file name="kimchifried.png" server="files.000webhost.com/public_html/" local="132113620116593869" remote="132148086000000000" Dst="0" />
<file name="products.php" server="files.000webhost.com/public_html/" local="132116155671664888" remote="132148086000000000" Dst="0" />
<file name="viewproduct.php" server="files.000webhost.com/public_html/" local="132116155525349813" remote="132148086000000000" Dst="0" />
<file name="ricecake.png" server="files.000webhost.com/public_html/" local="132107065800000000" remote="132148086000000000" Dst="0" />
<file name="honeybutter.png" server="files.000webhost.com/public_html/" local="132107065800000000" remote="132148086000000000" Dst="0" />
<file name="createdb.php" server="files.000webhost.com/public_html/" local="132107065800000000" remote="132148086000000000" Dst="0" />
<file name="boiledmandu.png" server="files.000webhost.com/public_html/" local="132107065800000000" remote="132148086000000000" Dst="0" />
<file name=".htaccess" server="files.000webhost.com/public_html/" local="132053498400000000" remote="132148086000000000" Dst="0" />
<file name="demo.html" server="files.000webhost.com/public_html/" local="132148086000000000" remote="132148086000000000" Dst="0" />
<file name="index-backup.php" server="files.000webhost.com/public_html/" local="132148086000000000" remote="132148086000000000" Dst="0" />
</dwsync>