<?xml version="1.0" encoding="utf-8" ?>
<dwsync>
<file name="viewproduct.php" server="files.000webhost.com/public_html/" local="132278041210000000" remote="132277752600000000" Dst="0" />
<file name="index.php" server="files.000webhost.com/public_html/" local="132273353490956749" remote="132273065400000000" Dst="0" />
<file name="home.php" server="files.000webhost.com/public_html/" local="132141419873362704" remote="132148086000000000" Dst="0" />
<file name="createdb.php" server="files.000webhost.com/public_html/" local="132177681295692309" remote="132177393000000000" Dst="0" />
<file name="1.php" server="files.000webhost.com/public_html/" local="132140361774754006" remote="132140073600000000" Dst="0" />
<file name="products.php" server="files.000webhost.com/public_html/" local="132277441826254981" remote="132277153200000000" Dst="0" />
<file name="style.css" server="files.000webhost.com/public_html/" local="132272899550588934" remote="132272611200000000" Dst="0" />
<file name="index.html" server="files.000webhost.com/public_html/" local="132055689364554347" remote="132148086000000000" Dst="0" />
<file name="db_hanyinhong.php" server="files.000webhost.com/public_html/" local="132080939443421586" remote="132148086000000000" Dst="0" />
<file name="alice.zip" server="files.000webhost.com/public_html/" local="132104042494282146" remote="132148086000000000" Dst="0" />
<file name=".htaccess" server="files.000webhost.com/public_html/" local="132053498400000000" remote="132053498400000000" Dst="0" />
<file name="boiledmandu.png" server="files.000webhost.com/public_html/" local="132107065800000000" remote="132107065800000000" Dst="0" />
<file name="demo.html" server="files.000webhost.com/public_html/" local="132113975400000000" remote="132113975400000000" Dst="0" />
<file name="drysweetpotato.png" server="files.000webhost.com/public_html/" local="132113975400000000" remote="132113975400000000" Dst="0" />
<file name="honeybutter.png" server="files.000webhost.com/public_html/" local="132107065800000000" remote="132107065800000000" Dst="0" />
<file name="index-backup.php" server="files.000webhost.com/public_html/" local="132113975400000000" remote="132113975400000000" Dst="0" />
<file name="kimchi.png" server="files.000webhost.com/public_html/" local="132113975400000000" remote="132113975400000000" Dst="0" />
<file name="kimchifried.png" server="files.000webhost.com/public_html/" local="132113975400000000" remote="132113975400000000" Dst="0" />
<file name="mandusteam.png" server="files.000webhost.com/public_html/" local="132113975400000000" remote="132113975400000000" Dst="0" />
<file name="ricecake.png" server="files.000webhost.com/public_html/" local="132107065800000000" remote="132107065800000000" Dst="0" />
<file name="login.php" server="files.000webhost.com/public_html/" local="132287646208571480" remote="132287358000000000" Dst="0" />
<file name="demo.php" server="files.000webhost.com/public_html/" local="132164397523862972" remote="132164109000000000" Dst="0" />
<file name="buyproducts.php" server="files.000webhost.com/public_html/" local="132278034592775322" remote="132277746000000000" Dst="0" />
<file name="checkserver.php" server="files.000webhost.com/public_html/" local="132177953085989650" remote="132177664800000000" Dst="0" />
<file name="register.php" server="files.000webhost.com/public_html/" local="132273344797960113" remote="132273056400000000" Dst="0" />
<file name="registerform.php" server="files.000webhost.com/public_html/" local="132287646640624841" remote="132287358600000000" Dst="0" />
<file name="addproduct.php" server="files.000webhost.com/public_html/" local="132276457509833796" remote="132276169200000000" Dst="0" />
<file name="staff.php" server="files.000webhost.com/public_html/" local="132287648529009888" remote="132287360400000000" Dst="0" />
</dwsync>